{
  "ABIRoot": {
    "kind": "Root",
    "name": "TopLevel",
    "printedName": "TopLevel",
    "children": [
      {
        "kind": "Import",
        "name": "Foundation",
        "printedName": "Foundation",
        "declKind": "Import",
        "moduleName": "FenigeSDK",
        "declAttributes": [
          "RawDocComment"
        ]
      },
      {
        "kind": "Import",
        "name": "Foundation",
        "printedName": "Foundation",
        "declKind": "Import",
        "moduleName": "FenigeSDK",
        "declAttributes": [
          "RawDocComment"
        ]
      },
      {
        "kind": "Import",
        "name": "Foundation",
        "printedName": "Foundation",
        "declKind": "Import",
        "moduleName": "FenigeSDK",
        "declAttributes": [
          "RawDocComment"
        ]
      },
      {
        "kind": "Import",
        "name": "UIKit",
        "printedName": "UIKit",
        "declKind": "Import",
        "moduleName": "FenigeSDK"
      },
      {
        "kind": "TypeDecl",
        "name": "Fenige",
        "printedName": "Fenige",
        "children": [
          {
            "kind": "Constructor",
            "name": "init",
            "printedName": "init()",
            "children": [
              {
                "kind": "TypeNominal",
                "name": "Fenige",
                "printedName": "FenigeSDK.Fenige",
                "usr": "s:9FenigeSDK0A0C"
              }
            ],
            "declKind": "Constructor",
            "usr": "s:9FenigeSDK0A0CACycfc",
            "mangledName": "$s9FenigeSDK0A0CACycfc",
            "moduleName": "FenigeSDK",
            "declAttributes": [
              "AccessControl"
            ],
            "init_kind": "Designated"
          },
          {
            "kind": "Function",
            "name": "initPayment",
            "printedName": "initPayment(apiKey:payment:containerViewController:completion:)",
            "children": [
              {
                "kind": "TypeNominal",
                "name": "Void",
                "printedName": "()"
              },
              {
                "kind": "TypeNominal",
                "name": "String",
                "printedName": "Swift.String",
                "usr": "s:SS"
              },
              {
                "kind": "TypeNominal",
                "name": "Payment",
                "printedName": "FenigeSDK.Payment",
                "usr": "s:9FenigeSDK7PaymentV"
              },
              {
                "kind": "TypeNominal",
                "name": "UIViewController",
                "printedName": "UIKit.UIViewController",
                "usr": "c:objc(cs)UIViewController"
              },
              {
                "kind": "TypeNominal",
                "name": "Optional",
                "printedName": "((Swift.String?) -> ()?)?",
                "children": [
                  {
                    "kind": "TypeFunc",
                    "name": "Function",
                    "printedName": "(Swift.String?) -> ()?",
                    "children": [
                      {
                        "kind": "TypeNominal",
                        "name": "Optional",
                        "printedName": "()?",
                        "children": [
                          {
                            "kind": "TypeNominal",
                            "name": "Void",
                            "printedName": "()"
                          }
                        ],
                        "usr": "s:Sq"
                      },
                      {
                        "kind": "TypeNominal",
                        "name": "Optional",
                        "printedName": "Swift.String?",
                        "children": [
                          {
                            "kind": "TypeNominal",
                            "name": "String",
                            "printedName": "Swift.String",
                            "usr": "s:SS"
                          }
                        ],
                        "usr": "s:Sq"
                      }
                    ]
                  }
                ],
                "hasDefaultArg": true,
                "usr": "s:Sq"
              }
            ],
            "declKind": "Func",
            "usr": "s:9FenigeSDK0A0C11initPayment6apiKey7payment23containerViewController10completionySS_AA0D0VSo06UIViewJ0CytSgSSSgcSgtF",
            "mangledName": "$s9FenigeSDK0A0C11initPayment6apiKey7payment23containerViewController10completionySS_AA0D0VSo06UIViewJ0CytSgSSSgcSgtF",
            "moduleName": "FenigeSDK",
            "declAttributes": [
              "AccessControl"
            ],
            "funcSelfKind": "NonMutating"
          }
        ],
        "declKind": "Class",
        "usr": "s:9FenigeSDK0A0C",
        "mangledName": "$s9FenigeSDK0A0C",
        "moduleName": "FenigeSDK",
        "declAttributes": [
          "AccessControl"
        ]
      },
      {
        "kind": "Import",
        "name": "Foundation",
        "printedName": "Foundation",
        "declKind": "Import",
        "moduleName": "FenigeSDK",
        "declAttributes": [
          "RawDocComment"
        ]
      },
      {
        "kind": "TypeDecl",
        "name": "Payment",
        "printedName": "Payment",
        "children": [
          {
            "kind": "Var",
            "name": "transactionId",
            "printedName": "transactionId",
            "children": [
              {
                "kind": "TypeNominal",
                "name": "String",
                "printedName": "Swift.String",
                "usr": "s:SS"
              }
            ],
            "declKind": "Var",
            "usr": "s:9FenigeSDK7PaymentV13transactionIdSSvp",
            "mangledName": "$s9FenigeSDK7PaymentV13transactionIdSSvp",
            "moduleName": "FenigeSDK",
            "declAttributes": [
              "HasStorage",
              "AccessControl"
            ],
            "isLet": true,
            "hasStorage": true,
            "accessors": [
              {
                "kind": "Accessor",
                "name": "Get",
                "printedName": "Get()",
                "children": [
                  {
                    "kind": "TypeNominal",
                    "name": "String",
                    "printedName": "Swift.String",
                    "usr": "s:SS"
                  }
                ],
                "declKind": "Accessor",
                "usr": "s:9FenigeSDK7PaymentV13transactionIdSSvg",
                "mangledName": "$s9FenigeSDK7PaymentV13transactionIdSSvg",
                "moduleName": "FenigeSDK",
                "implicit": true,
                "accessorKind": "get"
              }
            ]
          },
          {
            "kind": "Var",
            "name": "currencyCode",
            "printedName": "currencyCode",
            "children": [
              {
                "kind": "TypeNominal",
                "name": "String",
                "printedName": "Swift.String",
                "usr": "s:SS"
              }
            ],
            "declKind": "Var",
            "usr": "s:9FenigeSDK7PaymentV12currencyCodeSSvp",
            "mangledName": "$s9FenigeSDK7PaymentV12currencyCodeSSvp",
            "moduleName": "FenigeSDK",
            "declAttributes": [
              "HasStorage",
              "AccessControl"
            ],
            "isLet": true,
            "hasStorage": true,
            "accessors": [
              {
                "kind": "Accessor",
                "name": "Get",
                "printedName": "Get()",
                "children": [
                  {
                    "kind": "TypeNominal",
                    "name": "String",
                    "printedName": "Swift.String",
                    "usr": "s:SS"
                  }
                ],
                "declKind": "Accessor",
                "usr": "s:9FenigeSDK7PaymentV12currencyCodeSSvg",
                "mangledName": "$s9FenigeSDK7PaymentV12currencyCodeSSvg",
                "moduleName": "FenigeSDK",
                "implicit": true,
                "accessorKind": "get"
              }
            ]
          },
          {
            "kind": "Var",
            "name": "amount",
            "printedName": "amount",
            "children": [
              {
                "kind": "TypeNominal",
                "name": "Int",
                "printedName": "Swift.Int",
                "usr": "s:Si"
              }
            ],
            "declKind": "Var",
            "usr": "s:9FenigeSDK7PaymentV6amountSivp",
            "mangledName": "$s9FenigeSDK7PaymentV6amountSivp",
            "moduleName": "FenigeSDK",
            "declAttributes": [
              "HasStorage",
              "AccessControl"
            ],
            "isLet": true,
            "hasStorage": true,
            "accessors": [
              {
                "kind": "Accessor",
                "name": "Get",
                "printedName": "Get()",
                "children": [
                  {
                    "kind": "TypeNominal",
                    "name": "Int",
                    "printedName": "Swift.Int",
                    "usr": "s:Si"
                  }
                ],
                "declKind": "Accessor",
                "usr": "s:9FenigeSDK7PaymentV6amountSivg",
                "mangledName": "$s9FenigeSDK7PaymentV6amountSivg",
                "moduleName": "FenigeSDK",
                "implicit": true,
                "accessorKind": "get"
              }
            ]
          },
          {
            "kind": "Var",
            "name": "description",
            "printedName": "description",
            "children": [
              {
                "kind": "TypeNominal",
                "name": "String",
                "printedName": "Swift.String",
                "usr": "s:SS"
              }
            ],
            "declKind": "Var",
            "usr": "s:9FenigeSDK7PaymentV11descriptionSSvp",
            "mangledName": "$s9FenigeSDK7PaymentV11descriptionSSvp",
            "moduleName": "FenigeSDK",
            "declAttributes": [
              "HasStorage",
              "AccessControl"
            ],
            "isLet": true,
            "hasStorage": true,
            "accessors": [
              {
                "kind": "Accessor",
                "name": "Get",
                "printedName": "Get()",
                "children": [
                  {
                    "kind": "TypeNominal",
                    "name": "String",
                    "printedName": "Swift.String",
                    "usr": "s:SS"
                  }
                ],
                "declKind": "Accessor",
                "usr": "s:9FenigeSDK7PaymentV11descriptionSSvg",
                "mangledName": "$s9FenigeSDK7PaymentV11descriptionSSvg",
                "moduleName": "FenigeSDK",
                "implicit": true,
                "accessorKind": "get"
              }
            ]
          },
          {
            "kind": "Var",
            "name": "formLanguage",
            "printedName": "formLanguage",
            "children": [
              {
                "kind": "TypeNominal",
                "name": "String",
                "printedName": "Swift.String",
                "usr": "s:SS"
              }
            ],
            "declKind": "Var",
            "usr": "s:9FenigeSDK7PaymentV12formLanguageSSvp",
            "mangledName": "$s9FenigeSDK7PaymentV12formLanguageSSvp",
            "moduleName": "FenigeSDK",
            "declAttributes": [
              "HasStorage",
              "AccessControl"
            ],
            "isLet": true,
            "hasStorage": true,
            "accessors": [
              {
                "kind": "Accessor",
                "name": "Get",
                "printedName": "Get()",
                "children": [
                  {
                    "kind": "TypeNominal",
                    "name": "String",
                    "printedName": "Swift.String",
                    "usr": "s:SS"
                  }
                ],
                "declKind": "Accessor",
                "usr": "s:9FenigeSDK7PaymentV12formLanguageSSvg",
                "mangledName": "$s9FenigeSDK7PaymentV12formLanguageSSvg",
                "moduleName": "FenigeSDK",
                "implicit": true,
                "accessorKind": "get"
              }
            ]
          },
          {
            "kind": "Var",
            "name": "redirectUrl",
            "printedName": "redirectUrl",
            "children": [
              {
                "kind": "TypeNominal",
                "name": "RedirectUrl",
                "printedName": "FenigeSDK.RedirectUrl",
                "usr": "s:9FenigeSDK11RedirectUrlV"
              }
            ],
            "declKind": "Var",
            "usr": "s:9FenigeSDK7PaymentV11redirectUrlAA08RedirectE0Vvp",
            "mangledName": "$s9FenigeSDK7PaymentV11redirectUrlAA08RedirectE0Vvp",
            "moduleName": "FenigeSDK",
            "declAttributes": [
              "HasStorage",
              "AccessControl"
            ],
            "isLet": true,
            "hasStorage": true,
            "accessors": [
              {
                "kind": "Accessor",
                "name": "Get",
                "printedName": "Get()",
                "children": [
                  {
                    "kind": "TypeNominal",
                    "name": "RedirectUrl",
                    "printedName": "FenigeSDK.RedirectUrl",
                    "usr": "s:9FenigeSDK11RedirectUrlV"
                  }
                ],
                "declKind": "Accessor",
                "usr": "s:9FenigeSDK7PaymentV11redirectUrlAA08RedirectE0Vvg",
                "mangledName": "$s9FenigeSDK7PaymentV11redirectUrlAA08RedirectE0Vvg",
                "moduleName": "FenigeSDK",
                "implicit": true,
                "accessorKind": "get"
              }
            ]
          },
          {
            "kind": "Var",
            "name": "sender",
            "printedName": "sender",
            "children": [
              {
                "kind": "TypeNominal",
                "name": "Sender",
                "printedName": "FenigeSDK.Sender",
                "usr": "s:9FenigeSDK6SenderV"
              }
            ],
            "declKind": "Var",
            "usr": "s:9FenigeSDK7PaymentV6senderAA6SenderVvp",
            "mangledName": "$s9FenigeSDK7PaymentV6senderAA6SenderVvp",
            "moduleName": "FenigeSDK",
            "declAttributes": [
              "HasStorage",
              "AccessControl"
            ],
            "isLet": true,
            "hasStorage": true,
            "accessors": [
              {
                "kind": "Accessor",
                "name": "Get",
                "printedName": "Get()",
                "children": [
                  {
                    "kind": "TypeNominal",
                    "name": "Sender",
                    "printedName": "FenigeSDK.Sender",
                    "usr": "s:9FenigeSDK6SenderV"
                  }
                ],
                "declKind": "Accessor",
                "usr": "s:9FenigeSDK7PaymentV6senderAA6SenderVvg",
                "mangledName": "$s9FenigeSDK7PaymentV6senderAA6SenderVvg",
                "moduleName": "FenigeSDK",
                "implicit": true,
                "accessorKind": "get"
              }
            ]
          },
          {
            "kind": "Var",
            "name": "merchantUrl",
            "printedName": "merchantUrl",
            "children": [
              {
                "kind": "TypeNominal",
                "name": "String",
                "printedName": "Swift.String",
                "usr": "s:SS"
              }
            ],
            "declKind": "Var",
            "usr": "s:9FenigeSDK7PaymentV11merchantUrlSSvp",
            "mangledName": "$s9FenigeSDK7PaymentV11merchantUrlSSvp",
            "moduleName": "FenigeSDK",
            "declAttributes": [
              "HasStorage",
              "AccessControl"
            ],
            "isLet": true,
            "hasStorage": true,
            "accessors": [
              {
                "kind": "Accessor",
                "name": "Get",
                "printedName": "Get()",
                "children": [
                  {
                    "kind": "TypeNominal",
                    "name": "String",
                    "printedName": "Swift.String",
                    "usr": "s:SS"
                  }
                ],
                "declKind": "Accessor",
                "usr": "s:9FenigeSDK7PaymentV11merchantUrlSSvg",
                "mangledName": "$s9FenigeSDK7PaymentV11merchantUrlSSvg",
                "moduleName": "FenigeSDK",
                "implicit": true,
                "accessorKind": "get"
              }
            ]
          },
          {
            "kind": "Var",
            "name": "orderNumber",
            "printedName": "orderNumber",
            "children": [
              {
                "kind": "TypeNominal",
                "name": "String",
                "printedName": "Swift.String",
                "usr": "s:SS"
              }
            ],
            "declKind": "Var",
            "usr": "s:9FenigeSDK7PaymentV11orderNumberSSvp",
            "mangledName": "$s9FenigeSDK7PaymentV11orderNumberSSvp",
            "moduleName": "FenigeSDK",
            "declAttributes": [
              "HasStorage",
              "AccessControl"
            ],
            "isLet": true,
            "hasStorage": true,
            "accessors": [
              {
                "kind": "Accessor",
                "name": "Get",
                "printedName": "Get()",
                "children": [
                  {
                    "kind": "TypeNominal",
                    "name": "String",
                    "printedName": "Swift.String",
                    "usr": "s:SS"
                  }
                ],
                "declKind": "Accessor",
                "usr": "s:9FenigeSDK7PaymentV11orderNumberSSvg",
                "mangledName": "$s9FenigeSDK7PaymentV11orderNumberSSvg",
                "moduleName": "FenigeSDK",
                "implicit": true,
                "accessorKind": "get"
              }
            ]
          },
          {
            "kind": "Constructor",
            "name": "init",
            "printedName": "init(transactionId:currencyCode:amount:description:formLanguage:redirectUrl:sender:merchantUrl:orderNumber:)",
            "children": [
              {
                "kind": "TypeNominal",
                "name": "Payment",
                "printedName": "FenigeSDK.Payment",
                "usr": "s:9FenigeSDK7PaymentV"
              },
              {
                "kind": "TypeNominal",
                "name": "String",
                "printedName": "Swift.String",
                "usr": "s:SS"
              },
              {
                "kind": "TypeNominal",
                "name": "String",
                "printedName": "Swift.String",
                "usr": "s:SS"
              },
              {
                "kind": "TypeNominal",
                "name": "Int",
                "printedName": "Swift.Int",
                "usr": "s:Si"
              },
              {
                "kind": "TypeNominal",
                "name": "String",
                "printedName": "Swift.String",
                "usr": "s:SS"
              },
              {
                "kind": "TypeNominal",
                "name": "String",
                "printedName": "Swift.String",
                "usr": "s:SS"
              },
              {
                "kind": "TypeNominal",
                "name": "RedirectUrl",
                "printedName": "FenigeSDK.RedirectUrl",
                "usr": "s:9FenigeSDK11RedirectUrlV"
              },
              {
                "kind": "TypeNominal",
                "name": "Sender",
                "printedName": "FenigeSDK.Sender",
                "usr": "s:9FenigeSDK6SenderV"
              },
              {
                "kind": "TypeNominal",
                "name": "String",
                "printedName": "Swift.String",
                "usr": "s:SS"
              },
              {
                "kind": "TypeNominal",
                "name": "String",
                "printedName": "Swift.String",
                "usr": "s:SS"
              }
            ],
            "declKind": "Constructor",
            "usr": "s:9FenigeSDK7PaymentV13transactionId12currencyCode6amount11description12formLanguage11redirectUrl6sender08merchantM011orderNumberACSS_SSSiS2SAA08RedirectM0VAA6SenderVS2Stcfc",
            "mangledName": "$s9FenigeSDK7PaymentV13transactionId12currencyCode6amount11description12formLanguage11redirectUrl6sender08merchantM011orderNumberACSS_SSSiS2SAA08RedirectM0VAA6SenderVS2Stcfc",
            "moduleName": "FenigeSDK",
            "declAttributes": [
              "AccessControl"
            ],
            "init_kind": "Designated"
          },
          {
            "kind": "Function",
            "name": "encode",
            "printedName": "encode(to:)",
            "children": [
              {
                "kind": "TypeNominal",
                "name": "Void",
                "printedName": "()"
              },
              {
                "kind": "TypeNominal",
                "name": "Encoder",
                "printedName": "Swift.Encoder",
                "usr": "s:s7EncoderP"
              }
            ],
            "declKind": "Func",
            "usr": "s:9FenigeSDK7PaymentV6encode2toys7Encoder_p_tKF",
            "mangledName": "$s9FenigeSDK7PaymentV6encode2toys7Encoder_p_tKF",
            "moduleName": "FenigeSDK",
            "implicit": true,
            "throwing": true,
            "funcSelfKind": "NonMutating"
          }
        ],
        "declKind": "Struct",
        "usr": "s:9FenigeSDK7PaymentV",
        "mangledName": "$s9FenigeSDK7PaymentV",
        "moduleName": "FenigeSDK",
        "declAttributes": [
          "AccessControl"
        ],
        "conformances": [
          {
            "kind": "Conformance",
            "name": "Encodable",
            "printedName": "Encodable",
            "usr": "s:SE",
            "mangledName": "$sSE"
          }
        ]
      },
      {
        "kind": "TypeDecl",
        "name": "Sender",
        "printedName": "Sender",
        "children": [
          {
            "kind": "Var",
            "name": "firstName",
            "printedName": "firstName",
            "children": [
              {
                "kind": "TypeNominal",
                "name": "String",
                "printedName": "Swift.String",
                "usr": "s:SS"
              }
            ],
            "declKind": "Var",
            "usr": "s:9FenigeSDK6SenderV9firstNameSSvp",
            "mangledName": "$s9FenigeSDK6SenderV9firstNameSSvp",
            "moduleName": "FenigeSDK",
            "declAttributes": [
              "HasStorage",
              "AccessControl"
            ],
            "isLet": true,
            "hasStorage": true,
            "accessors": [
              {
                "kind": "Accessor",
                "name": "Get",
                "printedName": "Get()",
                "children": [
                  {
                    "kind": "TypeNominal",
                    "name": "String",
                    "printedName": "Swift.String",
                    "usr": "s:SS"
                  }
                ],
                "declKind": "Accessor",
                "usr": "s:9FenigeSDK6SenderV9firstNameSSvg",
                "mangledName": "$s9FenigeSDK6SenderV9firstNameSSvg",
                "moduleName": "FenigeSDK",
                "implicit": true,
                "accessorKind": "get"
              }
            ]
          },
          {
            "kind": "Var",
            "name": "lastName",
            "printedName": "lastName",
            "children": [
              {
                "kind": "TypeNominal",
                "name": "String",
                "printedName": "Swift.String",
                "usr": "s:SS"
              }
            ],
            "declKind": "Var",
            "usr": "s:9FenigeSDK6SenderV8lastNameSSvp",
            "mangledName": "$s9FenigeSDK6SenderV8lastNameSSvp",
            "moduleName": "FenigeSDK",
            "declAttributes": [
              "HasStorage",
              "AccessControl"
            ],
            "isLet": true,
            "hasStorage": true,
            "accessors": [
              {
                "kind": "Accessor",
                "name": "Get",
                "printedName": "Get()",
                "children": [
                  {
                    "kind": "TypeNominal",
                    "name": "String",
                    "printedName": "Swift.String",
                    "usr": "s:SS"
                  }
                ],
                "declKind": "Accessor",
                "usr": "s:9FenigeSDK6SenderV8lastNameSSvg",
                "mangledName": "$s9FenigeSDK6SenderV8lastNameSSvg",
                "moduleName": "FenigeSDK",
                "implicit": true,
                "accessorKind": "get"
              }
            ]
          },
          {
            "kind": "Var",
            "name": "address",
            "printedName": "address",
            "children": [
              {
                "kind": "TypeNominal",
                "name": "Address",
                "printedName": "FenigeSDK.Address",
                "usr": "s:9FenigeSDK7AddressV"
              }
            ],
            "declKind": "Var",
            "usr": "s:9FenigeSDK6SenderV7addressAA7AddressVvp",
            "mangledName": "$s9FenigeSDK6SenderV7addressAA7AddressVvp",
            "moduleName": "FenigeSDK",
            "declAttributes": [
              "HasStorage",
              "AccessControl"
            ],
            "isLet": true,
            "hasStorage": true,
            "accessors": [
              {
                "kind": "Accessor",
                "name": "Get",
                "printedName": "Get()",
                "children": [
                  {
                    "kind": "TypeNominal",
                    "name": "Address",
                    "printedName": "FenigeSDK.Address",
                    "usr": "s:9FenigeSDK7AddressV"
                  }
                ],
                "declKind": "Accessor",
                "usr": "s:9FenigeSDK6SenderV7addressAA7AddressVvg",
                "mangledName": "$s9FenigeSDK6SenderV7addressAA7AddressVvg",
                "moduleName": "FenigeSDK",
                "implicit": true,
                "accessorKind": "get"
              }
            ]
          },
          {
            "kind": "Constructor",
            "name": "init",
            "printedName": "init(firstName:lastName:address:)",
            "children": [
              {
                "kind": "TypeNominal",
                "name": "Sender",
                "printedName": "FenigeSDK.Sender",
                "usr": "s:9FenigeSDK6SenderV"
              },
              {
                "kind": "TypeNominal",
                "name": "String",
                "printedName": "Swift.String",
                "usr": "s:SS"
              },
              {
                "kind": "TypeNominal",
                "name": "String",
                "printedName": "Swift.String",
                "usr": "s:SS"
              },
              {
                "kind": "TypeNominal",
                "name": "Address",
                "printedName": "FenigeSDK.Address",
                "usr": "s:9FenigeSDK7AddressV"
              }
            ],
            "declKind": "Constructor",
            "usr": "s:9FenigeSDK6SenderV9firstName04lastE07addressACSS_SSAA7AddressVtcfc",
            "mangledName": "$s9FenigeSDK6SenderV9firstName04lastE07addressACSS_SSAA7AddressVtcfc",
            "moduleName": "FenigeSDK",
            "declAttributes": [
              "AccessControl"
            ],
            "init_kind": "Designated"
          },
          {
            "kind": "Function",
            "name": "encode",
            "printedName": "encode(to:)",
            "children": [
              {
                "kind": "TypeNominal",
                "name": "Void",
                "printedName": "()"
              },
              {
                "kind": "TypeNominal",
                "name": "Encoder",
                "printedName": "Swift.Encoder",
                "usr": "s:s7EncoderP"
              }
            ],
            "declKind": "Func",
            "usr": "s:9FenigeSDK6SenderV6encode2toys7Encoder_p_tKF",
            "mangledName": "$s9FenigeSDK6SenderV6encode2toys7Encoder_p_tKF",
            "moduleName": "FenigeSDK",
            "implicit": true,
            "throwing": true,
            "funcSelfKind": "NonMutating"
          }
        ],
        "declKind": "Struct",
        "usr": "s:9FenigeSDK6SenderV",
        "mangledName": "$s9FenigeSDK6SenderV",
        "moduleName": "FenigeSDK",
        "declAttributes": [
          "AccessControl"
        ],
        "conformances": [
          {
            "kind": "Conformance",
            "name": "Encodable",
            "printedName": "Encodable",
            "usr": "s:SE",
            "mangledName": "$sSE"
          }
        ]
      },
      {
        "kind": "TypeDecl",
        "name": "Address",
        "printedName": "Address",
        "children": [
          {
            "kind": "Var",
            "name": "countryCode",
            "printedName": "countryCode",
            "children": [
              {
                "kind": "TypeNominal",
                "name": "String",
                "printedName": "Swift.String",
                "usr": "s:SS"
              }
            ],
            "declKind": "Var",
            "usr": "s:9FenigeSDK7AddressV11countryCodeSSvp",
            "mangledName": "$s9FenigeSDK7AddressV11countryCodeSSvp",
            "moduleName": "FenigeSDK",
            "declAttributes": [
              "HasStorage",
              "AccessControl"
            ],
            "isLet": true,
            "hasStorage": true,
            "accessors": [
              {
                "kind": "Accessor",
                "name": "Get",
                "printedName": "Get()",
                "children": [
                  {
                    "kind": "TypeNominal",
                    "name": "String",
                    "printedName": "Swift.String",
                    "usr": "s:SS"
                  }
                ],
                "declKind": "Accessor",
                "usr": "s:9FenigeSDK7AddressV11countryCodeSSvg",
                "mangledName": "$s9FenigeSDK7AddressV11countryCodeSSvg",
                "moduleName": "FenigeSDK",
                "implicit": true,
                "accessorKind": "get"
              }
            ]
          },
          {
            "kind": "Var",
            "name": "city",
            "printedName": "city",
            "children": [
              {
                "kind": "TypeNominal",
                "name": "String",
                "printedName": "Swift.String",
                "usr": "s:SS"
              }
            ],
            "declKind": "Var",
            "usr": "s:9FenigeSDK7AddressV4citySSvp",
            "mangledName": "$s9FenigeSDK7AddressV4citySSvp",
            "moduleName": "FenigeSDK",
            "declAttributes": [
              "HasStorage",
              "AccessControl"
            ],
            "isLet": true,
            "hasStorage": true,
            "accessors": [
              {
                "kind": "Accessor",
                "name": "Get",
                "printedName": "Get()",
                "children": [
                  {
                    "kind": "TypeNominal",
                    "name": "String",
                    "printedName": "Swift.String",
                    "usr": "s:SS"
                  }
                ],
                "declKind": "Accessor",
                "usr": "s:9FenigeSDK7AddressV4citySSvg",
                "mangledName": "$s9FenigeSDK7AddressV4citySSvg",
                "moduleName": "FenigeSDK",
                "implicit": true,
                "accessorKind": "get"
              }
            ]
          },
          {
            "kind": "Var",
            "name": "postalCode",
            "printedName": "postalCode",
            "children": [
              {
                "kind": "TypeNominal",
                "name": "String",
                "printedName": "Swift.String",
                "usr": "s:SS"
              }
            ],
            "declKind": "Var",
            "usr": "s:9FenigeSDK7AddressV10postalCodeSSvp",
            "mangledName": "$s9FenigeSDK7AddressV10postalCodeSSvp",
            "moduleName": "FenigeSDK",
            "declAttributes": [
              "HasStorage",
              "AccessControl"
            ],
            "isLet": true,
            "hasStorage": true,
            "accessors": [
              {
                "kind": "Accessor",
                "name": "Get",
                "printedName": "Get()",
                "children": [
                  {
                    "kind": "TypeNominal",
                    "name": "String",
                    "printedName": "Swift.String",
                    "usr": "s:SS"
                  }
                ],
                "declKind": "Accessor",
                "usr": "s:9FenigeSDK7AddressV10postalCodeSSvg",
                "mangledName": "$s9FenigeSDK7AddressV10postalCodeSSvg",
                "moduleName": "FenigeSDK",
                "implicit": true,
                "accessorKind": "get"
              }
            ]
          },
          {
            "kind": "Var",
            "name": "street",
            "printedName": "street",
            "children": [
              {
                "kind": "TypeNominal",
                "name": "String",
                "printedName": "Swift.String",
                "usr": "s:SS"
              }
            ],
            "declKind": "Var",
            "usr": "s:9FenigeSDK7AddressV6streetSSvp",
            "mangledName": "$s9FenigeSDK7AddressV6streetSSvp",
            "moduleName": "FenigeSDK",
            "declAttributes": [
              "HasStorage",
              "AccessControl"
            ],
            "isLet": true,
            "hasStorage": true,
            "accessors": [
              {
                "kind": "Accessor",
                "name": "Get",
                "printedName": "Get()",
                "children": [
                  {
                    "kind": "TypeNominal",
                    "name": "String",
                    "printedName": "Swift.String",
                    "usr": "s:SS"
                  }
                ],
                "declKind": "Accessor",
                "usr": "s:9FenigeSDK7AddressV6streetSSvg",
                "mangledName": "$s9FenigeSDK7AddressV6streetSSvg",
                "moduleName": "FenigeSDK",
                "implicit": true,
                "accessorKind": "get"
              }
            ]
          },
          {
            "kind": "Var",
            "name": "houseNumber",
            "printedName": "houseNumber",
            "children": [
              {
                "kind": "TypeNominal",
                "name": "String",
                "printedName": "Swift.String",
                "usr": "s:SS"
              }
            ],
            "declKind": "Var",
            "usr": "s:9FenigeSDK7AddressV11houseNumberSSvp",
            "mangledName": "$s9FenigeSDK7AddressV11houseNumberSSvp",
            "moduleName": "FenigeSDK",
            "declAttributes": [
              "HasStorage",
              "AccessControl"
            ],
            "isLet": true,
            "hasStorage": true,
            "accessors": [
              {
                "kind": "Accessor",
                "name": "Get",
                "printedName": "Get()",
                "children": [
                  {
                    "kind": "TypeNominal",
                    "name": "String",
                    "printedName": "Swift.String",
                    "usr": "s:SS"
                  }
                ],
                "declKind": "Accessor",
                "usr": "s:9FenigeSDK7AddressV11houseNumberSSvg",
                "mangledName": "$s9FenigeSDK7AddressV11houseNumberSSvg",
                "moduleName": "FenigeSDK",
                "implicit": true,
                "accessorKind": "get"
              }
            ]
          },
          {
            "kind": "Constructor",
            "name": "init",
            "printedName": "init(countryCode:city:postalCode:street:houseNumber:)",
            "children": [
              {
                "kind": "TypeNominal",
                "name": "Address",
                "printedName": "FenigeSDK.Address",
                "usr": "s:9FenigeSDK7AddressV"
              },
              {
                "kind": "TypeNominal",
                "name": "String",
                "printedName": "Swift.String",
                "usr": "s:SS"
              },
              {
                "kind": "TypeNominal",
                "name": "String",
                "printedName": "Swift.String",
                "usr": "s:SS"
              },
              {
                "kind": "TypeNominal",
                "name": "String",
                "printedName": "Swift.String",
                "usr": "s:SS"
              },
              {
                "kind": "TypeNominal",
                "name": "String",
                "printedName": "Swift.String",
                "usr": "s:SS"
              },
              {
                "kind": "TypeNominal",
                "name": "String",
                "printedName": "Swift.String",
                "usr": "s:SS"
              }
            ],
            "declKind": "Constructor",
            "usr": "s:9FenigeSDK7AddressV11countryCode4city06postalE06street11houseNumberACSS_S4Stcfc",
            "mangledName": "$s9FenigeSDK7AddressV11countryCode4city06postalE06street11houseNumberACSS_S4Stcfc",
            "moduleName": "FenigeSDK",
            "declAttributes": [
              "AccessControl"
            ],
            "init_kind": "Designated"
          },
          {
            "kind": "Function",
            "name": "encode",
            "printedName": "encode(to:)",
            "children": [
              {
                "kind": "TypeNominal",
                "name": "Void",
                "printedName": "()"
              },
              {
                "kind": "TypeNominal",
                "name": "Encoder",
                "printedName": "Swift.Encoder",
                "usr": "s:s7EncoderP"
              }
            ],
            "declKind": "Func",
            "usr": "s:9FenigeSDK7AddressV6encode2toys7Encoder_p_tKF",
            "mangledName": "$s9FenigeSDK7AddressV6encode2toys7Encoder_p_tKF",
            "moduleName": "FenigeSDK",
            "implicit": true,
            "throwing": true,
            "funcSelfKind": "NonMutating"
          }
        ],
        "declKind": "Struct",
        "usr": "s:9FenigeSDK7AddressV",
        "mangledName": "$s9FenigeSDK7AddressV",
        "moduleName": "FenigeSDK",
        "declAttributes": [
          "AccessControl"
        ],
        "conformances": [
          {
            "kind": "Conformance",
            "name": "Encodable",
            "printedName": "Encodable",
            "usr": "s:SE",
            "mangledName": "$sSE"
          }
        ]
      },
      {
        "kind": "TypeDecl",
        "name": "RedirectUrl",
        "printedName": "RedirectUrl",
        "children": [
          {
            "kind": "Var",
            "name": "successUrl",
            "printedName": "successUrl",
            "children": [
              {
                "kind": "TypeNominal",
                "name": "String",
                "printedName": "Swift.String",
                "usr": "s:SS"
              }
            ],
            "declKind": "Var",
            "usr": "s:9FenigeSDK11RedirectUrlV07successD0SSvp",
            "mangledName": "$s9FenigeSDK11RedirectUrlV07successD0SSvp",
            "moduleName": "FenigeSDK",
            "declAttributes": [
              "HasStorage",
              "AccessControl"
            ],
            "isLet": true,
            "hasStorage": true,
            "accessors": [
              {
                "kind": "Accessor",
                "name": "Get",
                "printedName": "Get()",
                "children": [
                  {
                    "kind": "TypeNominal",
                    "name": "String",
                    "printedName": "Swift.String",
                    "usr": "s:SS"
                  }
                ],
                "declKind": "Accessor",
                "usr": "s:9FenigeSDK11RedirectUrlV07successD0SSvg",
                "mangledName": "$s9FenigeSDK11RedirectUrlV07successD0SSvg",
                "moduleName": "FenigeSDK",
                "implicit": true,
                "accessorKind": "get"
              }
            ]
          },
          {
            "kind": "Var",
            "name": "failureUrl",
            "printedName": "failureUrl",
            "children": [
              {
                "kind": "TypeNominal",
                "name": "String",
                "printedName": "Swift.String",
                "usr": "s:SS"
              }
            ],
            "declKind": "Var",
            "usr": "s:9FenigeSDK11RedirectUrlV07failureD0SSvp",
            "mangledName": "$s9FenigeSDK11RedirectUrlV07failureD0SSvp",
            "moduleName": "FenigeSDK",
            "declAttributes": [
              "HasStorage",
              "AccessControl"
            ],
            "isLet": true,
            "hasStorage": true,
            "accessors": [
              {
                "kind": "Accessor",
                "name": "Get",
                "printedName": "Get()",
                "children": [
                  {
                    "kind": "TypeNominal",
                    "name": "String",
                    "printedName": "Swift.String",
                    "usr": "s:SS"
                  }
                ],
                "declKind": "Accessor",
                "usr": "s:9FenigeSDK11RedirectUrlV07failureD0SSvg",
                "mangledName": "$s9FenigeSDK11RedirectUrlV07failureD0SSvg",
                "moduleName": "FenigeSDK",
                "implicit": true,
                "accessorKind": "get"
              }
            ]
          },
          {
            "kind": "Constructor",
            "name": "init",
            "printedName": "init(successUrl:failureUrl:)",
            "children": [
              {
                "kind": "TypeNominal",
                "name": "RedirectUrl",
                "printedName": "FenigeSDK.RedirectUrl",
                "usr": "s:9FenigeSDK11RedirectUrlV"
              },
              {
                "kind": "TypeNominal",
                "name": "String",
                "printedName": "Swift.String",
                "usr": "s:SS"
              },
              {
                "kind": "TypeNominal",
                "name": "String",
                "printedName": "Swift.String",
                "usr": "s:SS"
              }
            ],
            "declKind": "Constructor",
            "usr": "s:9FenigeSDK11RedirectUrlV07successD007failureD0ACSS_SStcfc",
            "mangledName": "$s9FenigeSDK11RedirectUrlV07successD007failureD0ACSS_SStcfc",
            "moduleName": "FenigeSDK",
            "declAttributes": [
              "AccessControl"
            ],
            "init_kind": "Designated"
          },
          {
            "kind": "Function",
            "name": "encode",
            "printedName": "encode(to:)",
            "children": [
              {
                "kind": "TypeNominal",
                "name": "Void",
                "printedName": "()"
              },
              {
                "kind": "TypeNominal",
                "name": "Encoder",
                "printedName": "Swift.Encoder",
                "usr": "s:s7EncoderP"
              }
            ],
            "declKind": "Func",
            "usr": "s:9FenigeSDK11RedirectUrlV6encode2toys7Encoder_p_tKF",
            "mangledName": "$s9FenigeSDK11RedirectUrlV6encode2toys7Encoder_p_tKF",
            "moduleName": "FenigeSDK",
            "implicit": true,
            "throwing": true,
            "funcSelfKind": "NonMutating"
          }
        ],
        "declKind": "Struct",
        "usr": "s:9FenigeSDK11RedirectUrlV",
        "mangledName": "$s9FenigeSDK11RedirectUrlV",
        "moduleName": "FenigeSDK",
        "declAttributes": [
          "AccessControl"
        ],
        "conformances": [
          {
            "kind": "Conformance",
            "name": "Encodable",
            "printedName": "Encodable",
            "usr": "s:SE",
            "mangledName": "$sSE"
          }
        ]
      },
      {
        "kind": "Import",
        "name": "Foundation",
        "printedName": "Foundation",
        "declKind": "Import",
        "moduleName": "FenigeSDK",
        "declAttributes": [
          "RawDocComment"
        ]
      },
      {
        "kind": "Import",
        "name": "UIKit",
        "printedName": "UIKit",
        "declKind": "Import",
        "moduleName": "FenigeSDK"
      },
      {
        "kind": "Import",
        "name": "UIKit",
        "printedName": "UIKit",
        "declKind": "Import",
        "moduleName": "FenigeSDK",
        "declAttributes": [
          "RawDocComment"
        ]
      },
      {
        "kind": "Import",
        "name": "WebKit",
        "printedName": "WebKit",
        "declKind": "Import",
        "moduleName": "FenigeSDK"
      },
      {
        "kind": "Import",
        "name": "Foundation",
        "printedName": "Foundation",
        "declKind": "Import",
        "moduleName": "FenigeSDK",
        "declAttributes": [
          "RawDocComment"
        ]
      },
      {
        "kind": "Import",
        "name": "UIKit",
        "printedName": "UIKit",
        "declKind": "Import",
        "moduleName": "FenigeSDK",
        "declAttributes": [
          "RawDocComment"
        ]
      },
      {
        "kind": "Import",
        "name": "Foundation",
        "printedName": "Foundation",
        "declKind": "Import",
        "moduleName": "FenigeSDK"
      },
      {
        "kind": "Import",
        "name": "UIKit",
        "printedName": "UIKit",
        "declKind": "Import",
        "moduleName": "FenigeSDK"
      },
      {
        "kind": "Import",
        "name": "SwiftUI",
        "printedName": "SwiftUI",
        "declKind": "Import",
        "moduleName": "FenigeSDK"
      },
      {
        "kind": "Import",
        "name": "DeveloperToolsSupport",
        "printedName": "DeveloperToolsSupport",
        "declKind": "Import",
        "moduleName": "FenigeSDK"
      }
    ],
    "json_format_version": 8
  },
  "ConstValues": [
    {
      "filePath": "\/Users\/dmytro\/Documents\/XcodeProjects\/PeaksCircle\/FenigeSDK-Source-Code\/FenigeSDK\/API\/EndPoints\/GetTransactionId.swift",
      "kind": "StringLiteral",
      "offset": 343,
      "length": 33,
      "value": "\"transactions\/pre-initialization\""
    },
    {
      "filePath": "\/Users\/dmytro\/Documents\/XcodeProjects\/PeaksCircle\/FenigeSDK-Source-Code\/FenigeSDK\/API\/EndPoints\/GetTransactionId.swift",
      "kind": "StringLiteral",
      "offset": 438,
      "length": 9,
      "value": "\"Api-Key\""
    },
    {
      "filePath": "\/Users\/dmytro\/Documents\/XcodeProjects\/PeaksCircle\/FenigeSDK-Source-Code\/FenigeSDK\/API\/EndPoints\/GetTransactionId.swift",
      "kind": "StringLiteral",
      "offset": 219,
      "length": 16,
      "value": "\"FenigeSDK.GetTransactionId\""
    },
    {
      "filePath": "\/Users\/dmytro\/Documents\/XcodeProjects\/PeaksCircle\/FenigeSDK-Source-Code\/FenigeSDK\/FenigeSDK.swift",
      "kind": "StringLiteral",
      "offset": 618,
      "length": 32,
      "value": "\"https:\/\/paytool-dev.fenige.pl\/\""
    },
    {
      "filePath": "\/Users\/dmytro\/Documents\/XcodeProjects\/PeaksCircle\/FenigeSDK-Source-Code\/FenigeSDK\/FenigeSDK.swift",
      "kind": "IntegerLiteral",
      "offset": 1470,
      "length": 2,
      "value": "10"
    },
    {
      "filePath": "\/Users\/dmytro\/Documents\/XcodeProjects\/PeaksCircle\/FenigeSDK-Source-Code\/FenigeSDK\/FenigeSDK.swift",
      "kind": "FloatLiteral",
      "offset": 1589,
      "length": 3,
      "value": "0.1"
    },
    {
      "filePath": "\/Users\/dmytro\/Documents\/XcodeProjects\/PeaksCircle\/FenigeSDK-Source-Code\/FenigeSDK\/FenigeSDK.swift",
      "kind": "IntegerLiteral",
      "offset": 1643,
      "length": 1,
      "value": "0"
    },
    {
      "filePath": "\/Users\/dmytro\/Documents\/XcodeProjects\/PeaksCircle\/FenigeSDK-Source-Code\/FenigeSDK\/FenigeSDK.swift",
      "kind": "IntegerLiteral",
      "offset": 1662,
      "length": 1,
      "value": "1"
    },
    {
      "filePath": "\/Users\/dmytro\/Documents\/XcodeProjects\/PeaksCircle\/FenigeSDK-Source-Code\/FenigeSDK\/FenigeSDK.swift",
      "kind": "BooleanLiteral",
      "offset": 1951,
      "length": 4,
      "value": "true"
    },
    {
      "filePath": "\/Users\/dmytro\/Documents\/XcodeProjects\/PeaksCircle\/FenigeSDK-Source-Code\/FenigeSDK\/API\/APIac.swift",
      "kind": "StringLiteral",
      "offset": 320,
      "length": 8,
      "value": "\"DELETE\""
    },
    {
      "filePath": "\/Users\/dmytro\/Documents\/XcodeProjects\/PeaksCircle\/FenigeSDK-Source-Code\/FenigeSDK\/API\/APIac.swift",
      "kind": "StringLiteral",
      "offset": 373,
      "length": 5,
      "value": "\"GET\""
    },
    {
      "filePath": "\/Users\/dmytro\/Documents\/XcodeProjects\/PeaksCircle\/FenigeSDK-Source-Code\/FenigeSDK\/API\/APIac.swift",
      "kind": "StringLiteral",
      "offset": 424,
      "length": 6,
      "value": "\"POST\""
    },
    {
      "filePath": "\/Users\/dmytro\/Documents\/XcodeProjects\/PeaksCircle\/FenigeSDK-Source-Code\/FenigeSDK\/API\/APIac.swift",
      "kind": "StringLiteral",
      "offset": 475,
      "length": 5,
      "value": "\"PUT\""
    },
    {
      "filePath": "\/Users\/dmytro\/Documents\/XcodeProjects\/PeaksCircle\/FenigeSDK-Source-Code\/FenigeSDK\/API\/APIac.swift",
      "kind": "StringLiteral",
      "offset": 688,
      "length": 35,
      "value": "\"https:\/\/paytool-api-dev.fenige.pl\""
    },
    {
      "filePath": "\/Users\/dmytro\/Documents\/XcodeProjects\/PeaksCircle\/FenigeSDK-Source-Code\/FenigeSDK\/API\/APIac.swift",
      "kind": "StringLiteral",
      "offset": 1116,
      "length": 2,
      "value": "\"\""
    },
    {
      "filePath": "\/Users\/dmytro\/Documents\/XcodeProjects\/PeaksCircle\/FenigeSDK-Source-Code\/FenigeSDK\/API\/APIac.swift",
      "kind": "StringLiteral",
      "offset": 1552,
      "length": 16,
      "value": "\"FenigeSDK.EndpointBaseItem\""
    },
    {
      "filePath": "\/Users\/dmytro\/Documents\/XcodeProjects\/PeaksCircle\/FenigeSDK-Source-Code\/FenigeSDK\/API\/APIac.swift",
      "kind": "StringLiteral",
      "offset": 3263,
      "length": 14,
      "value": "\"CODE_EXPIRED\""
    },
    {
      "filePath": "\/Users\/dmytro\/Documents\/XcodeProjects\/PeaksCircle\/FenigeSDK-Source-Code\/FenigeSDK\/API\/APIac.swift",
      "kind": "StringLiteral",
      "offset": 3293,
      "length": 89,
      "value": "\"Закінчився термін дії коду. Запросіть новий код\""
    },
    {
      "filePath": "\/Users\/dmytro\/Documents\/XcodeProjects\/PeaksCircle\/FenigeSDK-Source-Code\/FenigeSDK\/API\/APIac.swift",
      "kind": "StringLiteral",
      "offset": 3525,
      "length": 106,
      "value": "\"Невідома помилка. Будь ласка, повторіть операцію пізніше\""
    },
    {
      "filePath": "\/Users\/dmytro\/Documents\/XcodeProjects\/PeaksCircle\/FenigeSDK-Source-Code\/FenigeSDK\/Controllers\/WebViewController.swift",
      "kind": "BooleanLiteral",
      "offset": 441,
      "length": 5,
      "value": "false"
    },
    {
      "filePath": "\/Users\/dmytro\/Documents\/XcodeProjects\/PeaksCircle\/FenigeSDK-Source-Code\/FenigeSDK\/Controllers\/WebViewController.swift",
      "kind": "StringLiteral",
      "offset": 702,
      "length": 39,
      "value": "\"init(coder:) has not been implemented\""
    },
    {
      "filePath": "\/Users\/dmytro\/Documents\/XcodeProjects\/PeaksCircle\/FenigeSDK-Source-Code\/FenigeSDK\/Controllers\/WebViewController.swift",
      "kind": "BooleanLiteral",
      "offset": 889,
      "length": 5,
      "value": "false"
    },
    {
      "filePath": "\/Users\/dmytro\/Documents\/XcodeProjects\/PeaksCircle\/FenigeSDK-Source-Code\/FenigeSDK\/Controllers\/WebViewController.swift",
      "kind": "StringLiteral",
      "offset": 1378,
      "length": 10,
      "value": "\"ic_close\""
    },
    {
      "filePath": "\/Users\/dmytro\/Documents\/XcodeProjects\/PeaksCircle\/FenigeSDK-Source-Code\/FenigeSDK\/Controllers\/WebViewController.swift",
      "kind": "BooleanLiteral",
      "offset": 1642,
      "length": 5,
      "value": "false"
    },
    {
      "filePath": "\/Users\/dmytro\/Documents\/XcodeProjects\/PeaksCircle\/FenigeSDK-Source-Code\/FenigeSDK\/Controllers\/WebViewController.swift",
      "kind": "IntegerLiteral",
      "offset": 1793,
      "length": 2,
      "value": "16"
    },
    {
      "filePath": "\/Users\/dmytro\/Documents\/XcodeProjects\/PeaksCircle\/FenigeSDK-Source-Code\/FenigeSDK\/Controllers\/WebViewController.swift",
      "kind": "IntegerLiteral",
      "offset": 1869,
      "length": 2,
      "value": "16"
    },
    {
      "filePath": "\/Users\/dmytro\/Documents\/XcodeProjects\/PeaksCircle\/FenigeSDK-Source-Code\/FenigeSDK\/Controllers\/WebViewController.swift",
      "kind": "IntegerLiteral",
      "offset": 1929,
      "length": 2,
      "value": "32"
    },
    {
      "filePath": "\/Users\/dmytro\/Documents\/XcodeProjects\/PeaksCircle\/FenigeSDK-Source-Code\/FenigeSDK\/Controllers\/WebViewController.swift",
      "kind": "IntegerLiteral",
      "offset": 1990,
      "length": 2,
      "value": "32"
    },
    {
      "filePath": "\/Users\/dmytro\/Documents\/XcodeProjects\/PeaksCircle\/FenigeSDK-Source-Code\/FenigeSDK\/Controllers\/WebViewController.swift",
      "kind": "BooleanLiteral",
      "offset": 2341,
      "length": 4,
      "value": "true"
    },
    {
      "filePath": "\/Users\/dmytro\/Documents\/XcodeProjects\/PeaksCircle\/FenigeSDK-Source-Code\/FenigeSDK\/Controllers\/WebViewController.swift",
      "kind": "StringLiteral",
      "offset": 260,
      "length": 17,
      "value": "\"FenigeSDK.WebViewController\""
    },
    {
      "filePath": "\/Users\/dmytro\/Documents\/XcodeProjects\/PeaksCircle\/FenigeSDK-Source-Code\/FenigeSDK\/Controllers\/WebViewController.swift",
      "kind": "BooleanLiteral",
      "offset": 2694,
      "length": 4,
      "value": "true"
    },
    {
      "filePath": "\/Users\/dmytro\/Documents\/XcodeProjects\/PeaksCircle\/FenigeSDK-Source-Code\/FenigeSDK\/API\/APIac+ManagerAC.swift",
      "kind": "StringLiteral",
      "offset": 289,
      "length": 5,
      "value": "\"API\""
    },
    {
      "filePath": "\/Users\/dmytro\/Documents\/XcodeProjects\/PeaksCircle\/FenigeSDK-Source-Code\/FenigeSDK\/API\/APIac+ManagerAC.swift",
      "kind": "Dictionary",
      "offset": 790,
      "length": 3,
      "value": "[]"
    },
    {
      "filePath": "\/Users\/dmytro\/Documents\/XcodeProjects\/PeaksCircle\/FenigeSDK-Source-Code\/FenigeSDK\/API\/APIac+ManagerAC.swift",
      "kind": "Array",
      "offset": 1252,
      "length": 2,
      "value": "[]"
    },
    {
      "filePath": "\/Users\/dmytro\/Documents\/XcodeProjects\/PeaksCircle\/FenigeSDK-Source-Code\/FenigeSDK\/API\/APIac+ManagerAC.swift",
      "kind": "StringLiteral",
      "offset": 1898,
      "length": 18,
      "value": "\"application\/json\""
    },
    {
      "filePath": "\/Users\/dmytro\/Documents\/XcodeProjects\/PeaksCircle\/FenigeSDK-Source-Code\/FenigeSDK\/API\/APIac+ManagerAC.swift",
      "kind": "StringLiteral",
      "offset": 1938,
      "length": 14,
      "value": "\"Content-Type\""
    },
    {
      "filePath": "\/Users\/dmytro\/Documents\/XcodeProjects\/PeaksCircle\/FenigeSDK-Source-Code\/FenigeSDK\/API\/APIac+ManagerAC.swift",
      "kind": "StringLiteral",
      "offset": 1979,
      "length": 18,
      "value": "\"application\/json\""
    },
    {
      "filePath": "\/Users\/dmytro\/Documents\/XcodeProjects\/PeaksCircle\/FenigeSDK-Source-Code\/FenigeSDK\/API\/APIac+ManagerAC.swift",
      "kind": "StringLiteral",
      "offset": 2019,
      "length": 8,
      "value": "\"Accept\""
    },
    {
      "filePath": "\/Users\/dmytro\/Documents\/XcodeProjects\/PeaksCircle\/FenigeSDK-Source-Code\/FenigeSDK\/API\/APIac+ManagerAC.swift",
      "kind": "StringLiteral",
      "offset": 2457,
      "length": 9,
      "value": "\"UNKNOWN\""
    },
    {
      "filePath": "\/Users\/dmytro\/Documents\/XcodeProjects\/PeaksCircle\/FenigeSDK-Source-Code\/FenigeSDK\/API\/APIac+ManagerAC.swift",
      "kind": "StringLiteral",
      "offset": 2718,
      "length": 6,
      "value": "\"NONE\""
    },
    {
      "filePath": "\/Users\/dmytro\/Documents\/XcodeProjects\/PeaksCircle\/FenigeSDK-Source-Code\/FenigeSDK\/API\/APIac+ManagerAC.swift",
      "kind": "StringLiteral",
      "offset": 2943,
      "length": 6,
      "value": "\"NONE\""
    },
    {
      "filePath": "\/Users\/dmytro\/Documents\/XcodeProjects\/PeaksCircle\/FenigeSDK-Source-Code\/FenigeSDK\/API\/APIac+ManagerAC.swift",
      "kind": "Array",
      "offset": 3956,
      "length": 2,
      "value": "[]"
    },
    {
      "filePath": "\/Users\/dmytro\/Library\/Developer\/Xcode\/DerivedData\/FenigeSDK-dpnewhbxpadesjfalwizilkqmgfs\/Build\/Intermediates.noindex\/ArchiveIntermediates\/Release\/IntermediateBuildFilesPath\/FenigeSDK.build\/Release-iphoneos\/FenigeSDK.build\/DerivedSources\/GeneratedAssetSymbols.swift",
      "kind": "StringLiteral",
      "offset": 728,
      "length": 10,
      "value": "\"ic_close\""
    }
  ]
}